{
    "filter": {
        "name": "Search Filters",
        "items": [
            {
                "id": "search",
                "title": "Keyword",
                "placeholder": "Search ..."
            },
            {
                "id": "category",
                "title": "Category",
                "type": "checkbox",
                "hide_empty": 1,
                "show_count": 1,
                "show_icon_image": 1,
                "more_less": 1
            },
            {
                "id": "location",
                "title": "Location",
                "type": "radio",
                "hide_empty": 1,
                "show_count": 1,
                "more_less": 1
            },
            {
                "id": "cf",
                "title": "Custom fields"
            },
            {
                "id": "price_range",
                "title": "Price Range",
                "max_price": "50000",
                "step": "1000"
            }
        ]
    },
    "store-filter": {
        "name": "Store Filter",
        "items": [
            {
                "id": "category",
                "title": "Category",
                "type": "checkbox",
                "show_icon_image": 1
            },
            {
                "id": "location",
                "title": "Location",
                "type": "checkbox",
                "hide_empty": 1,
                "show_count": 1,
                "more_less": 1
            }
        ]
    }
}