{
    "rtsb_tb_template_default_product": 2197,
    "rtsb_template_specific_product_set_default_2197": true,
    "rtsb_template_for_selected_products_2197": [
        2156
    ],
    "rtsb_template_specific_product_set_default_2210": true,
    "rtsb_template_for_selected_products_2210": [
        2133
    ],
    "rtsb_template_specific_product_set_default_2219": true,
    "rtsb_template_for_selected_products_2219": [
        2155
    ],
    "rtsb_template_specific_product_set_default_2220": true,
    "rtsb_template_for_selected_products_2220": [
        2153
    ],
    "rtsb_template_specific_product_set_default_2244": true,
    "rtsb_template_for_selected_products_2244": [
        2141
    ],
    "rtsb_tb_template_default_shop": 2249,
    "rtsb_tb_template_default_archive": "",
    "rtsb_template_specific_category_set_default_2253": true,
    "rtsb_template_for_selected_category_2253": [
        "body-lotion"
    ],
    "rtsb_template_specific_category_set_default_2277": true,
    "rtsb_template_for_selected_category_2277": [
        "face-wash"
    ],
    "rtsb_template_specific_category_set_default_2279": true,
    "rtsb_template_for_selected_category_2279": [
        "cosmetics"
    ],
    "rtsb_template_specific_category_set_default_2282": true,
    "rtsb_template_for_selected_category_2282": [
        "skin-care"
    ],
    "rtsb_tb_template_default_cart": 3989,
    "rtsb_tb_template_default_checkout": 3996,
    "rtsb_tb_template_default_myaccount_dashboard": 3999,
    "rtsb_tb_template_default_myaccount_order": 4001,
    "rtsb_tb_template_default_myaccount_downloads": 4002,
    "rtsb_tb_template_default_myaccount_address": 4003,
    "rtsb_tb_template_default_myaccount_edit_billing_address": 4004,
    "rtsb_tb_template_default_myaccount_edit_shipping_address": 4005,
    "rtsb_tb_template_default_myaccount_edit_details": 4006,
    "rtsb_tb_template_default_myaccount_order_details": 4007,
    "rtsb_template_specific_product_set_default_4535": true,
    "rtsb_template_for_selected_products_4535": [
        3154
    ],
    "rtsb_template_specific_product_set_default_4536": true,
    "rtsb_template_for_selected_products_4536": [
        2145
    ]
}