{
    "general": {
        "notification": {
            "active": "",
            "notification_intro": "",
            "notification_position": "center-center",
            "notification_color": "#111111",
            "notification_btn_color": "#111111",
            "notification_bg": "",
            "hide_notification": ""
        },
        "social_share": {
            "active": "",
            "social_share_intro": "",
            "share_platforms": [
                "facebook",
                "twitter",
                "linkedin",
                "pinterest",
                "skype",
                "whatsapp"
            ],
            "share_platforms_to_product_page": "",
            "share_icon_layout": "share-layout1"
        },
        "guest_user": {
            "active": "",
            "guest_user_intro": "",
            "hide_pricing": "",
            "custom_price_text": "Login to see prices",
            "hide_add_to_cart": "",
            "hide_badges": "",
            "hide_cart_page": "",
            "hide_checkout_page": ""
        },
        "tooltip": {
            "active": "",
            "tooltip_intro": "",
            "tooltip_font_size": "13",
            "tooltip_font_weight": "500",
            "tooltip_color": "",
            "tooltip_bg": ""
        },
        "billing_form": {
            "active": "",
            "checkout_billing_info": "",
            "billing_first_name_heading": "",
            "billing_first_name": [
                "show",
                "required"
            ],
            "billing_first_name_label": "",
            "billing_first_name_placeholder": "",
            "billing_last_name_heading": "",
            "billing_last_name": [
                "show",
                "required"
            ],
            "billing_last_name_label": "",
            "billing_last_name_placeholder": "",
            "billing_company_heading": "",
            "billing_company": [
                "show",
                "optional"
            ],
            "billing_company_label": "",
            "billing_company_placeholder": "",
            "billing_country_heading": "",
            "billing_country": [
                "show",
                "required"
            ],
            "billing_country_label": "",
            "billing_address_1_heading": "",
            "billing_address_1": [
                "show",
                "required"
            ],
            "billing_address_1_label": "",
            "billing_address_1_placeholder": "",
            "billing_address_2_heading": "",
            "billing_address_2": [
                "show",
                "optional"
            ],
            "billing_address_2_label": "",
            "billing_address_2_placeholder": "",
            "billing_city_heading": "",
            "billing_city": [
                "show",
                "required"
            ],
            "billing_city_label": "",
            "billing_city_placeholder": "",
            "billing_state_heading": "",
            "billing_state": [
                "show",
                "required"
            ],
            "billing_state_label": "",
            "billing_postcode_heading": "",
            "billing_postcode": [
                "show",
                "required"
            ],
            "billing_postcode_label": "",
            "billing_postcode_placeholder": "",
            "billing_phone_heading": "",
            "billing_phone": [
                "show",
                "required"
            ],
            "billing_phone_label": "",
            "billing_phone_placeholder": "",
            "billing_email_heading": "",
            "billing_email": [
                "show",
                "required"
            ],
            "billing_email_label": "",
            "billing_email_placeholder": ""
        },
        "shipping_form": {
            "active": "",
            "checkout_shipping_info": "",
            "shipping_first_name_heading": "",
            "shipping_first_name": [
                "show",
                "required"
            ],
            "shipping_first_name_label": "",
            "shipping_first_name_placeholder": "",
            "shipping_first_last_heading": "",
            "shipping_last_name": [
                "show",
                "required"
            ],
            "shipping_last_name_label": "",
            "shipping_last_name_placeholder": "",
            "shipping_company_heading": "",
            "shipping_company": [
                "show",
                "required"
            ],
            "shipping_company_label": "",
            "shipping_company_placeholder": "",
            "shipping_country_heading": "",
            "shipping_country": [
                "show",
                "required"
            ],
            "shipping_country_label": "",
            "shipping_address_1_heading": "",
            "shipping_address_1": [
                "show",
                "required"
            ],
            "shipping_address_1_label": "",
            "shipping_address_1_placeholder": "",
            "shipping_address_2_heading": "",
            "shipping_address_2": [
                "show"
            ],
            "shipping_address_2_label": "",
            "shipping_address_2_placeholder": "",
            "shipping_city_heading": "",
            "shipping_city": [
                "show",
                "required"
            ],
            "shipping_city_label": "",
            "shipping_city_placeholder": "",
            "shipping_state_heading": "",
            "shipping_state": [
                "show",
                "required"
            ],
            "shipping_postcode": [
                "show",
                "required"
            ]
        },
        "optimization": {
            "optimization_intro": "",
            "enable_optimization": "on",
            "load_elementor_scripts": "on",
            "context_asset_loading": "on"
        }
    },
    "elements": {
        "product_title": {
            "active": "on"
        },
        "product_description": {
            "active": "on"
        },
        "product_short_description": {
            "active": "on"
        },
        "product_images": {
            "active": "on"
        },
        "product_onsale": {
            "active": "on"
        },
        "product_additional_info": {
            "active": "on"
        },
        "product_price": {
            "active": "on"
        },
        "product_meta": {
            "active": "on"
        },
        "product_categories": {
            "active": "on"
        },
        "product_rating": {
            "active": "on"
        },
        "product_tags": {
            "active": "on"
        },
        "product_sku": {
            "active": "on"
        },
        "product_stock": {
            "active": "on"
        },
        "actions_button": {
            "active": "on"
        },
        "product_add_to_cart": {
            "active": "on"
        },
        "product_share": {
            "active": "on"
        },
        "product_sales_count": {
            "active": "on"
        },
        "product_stock_counter": {
            "active": "on"
        },
        "flash_sale_countdown": {
            "active": "on"
        },
        "product_size_chart": {
            "active": "on"
        },
        "product_quick_checkout": {
            "active": "on"
        },
        "product_tabs": {
            "active": "on"
        },
        "advance_product_tabs": {
            "active": "on"
        },
        "product_reviews": {
            "active": "on"
        },
        "upsells_product": {
            "active": "on"
        },
        "upsells_product_custom": {
            "active": "on"
        },
        "upsells_products_slider_custom": {
            "active": "on"
        },
        "related_product": {
            "active": "on"
        },
        "related_product_custom": {
            "active": "on"
        },
        "related_products_slider_custom": {
            "active": "on"
        },
        "products_grid": {
            "active": "on"
        },
        "products_list": {
            "active": "on"
        },
        "products_slider": {
            "active": "on"
        },
        "highlighted_product": {
            "active": "on"
        },
        "products_single_cateogory": {
            "active": "on"
        },
        "product_cateogories": {
            "active": "on"
        },
        "product_lookbook": {
            "active": "on"
        },
        "rtsb_wishlist": {
            "active": "on"
        },
        "social_share": {
            "active": "on"
        },
        "wc_breadcrumbs": {
            "active": "on"
        },
        "product_notice": {
            "active": "on"
        },
        "advanced_heading": {
            "active": "on"
        },
        "dropcaps": {
            "active": "on"
        },
        "shopbuilder_button": {
            "active": "on"
        },
        "shopbuilder_cta": {
            "active": "on"
        },
        "shopbuilder_info_box": {
            "active": "on"
        },
        "shopbuilder_flip_box": {
            "active": "on"
        },
        "shopbuilder_pricing_table": {
            "active": "on"
        },
        "image_hotspots": {
            "active": "on"
        },
        "coupon_list": {
            "active": "on"
        },
        "shopbuilder_counter": {
            "active": "on"
        },
        "shopbuilder_countdown": {
            "active": "on"
        },
        "shopbuilder_progress_bar": {
            "active": "on"
        },
        "image_accordion": {
            "active": "on"
        },
        "shopbuilder_faq": {
            "active": "on"
        },
        "logo_slider_and_grid": {
            "active": "on"
        },
        "testimonial": {
            "active": "on"
        },
        "team_member": {
            "active": "on"
        },
        "post_grid": {
            "active": "on"
        },
        "post_list": {
            "active": "on"
        },
        "qv_product_title": {
            "active": "on"
        },
        "qv_product_description": {
            "active": "on"
        },
        "qv_product_short_description": {
            "active": "on"
        },
        "qv_product_images": {
            "active": "on"
        },
        "qv_product_badges": {
            "active": "on"
        },
        "qv_product_additional_info": {
            "active": "on"
        },
        "qv_product_price": {
            "active": "on"
        },
        "qv_product_meta": {
            "active": "on"
        },
        "qv_product_categories": {
            "active": "on"
        },
        "qv_product_rating": {
            "active": "on"
        },
        "qv_product_tags": {
            "active": "on"
        },
        "qv_product_sku": {
            "active": "on"
        },
        "qv_product_stock": {
            "active": "on"
        },
        "qv_actions_button": {
            "active": "on"
        },
        "qv_product_add_to_cart": {
            "active": "on"
        },
        "qv_product_sales_count": {
            "active": "on"
        },
        "qv_social_share": {
            "active": "on"
        },
        "qv_product_quick_checkout": {
            "active": "on"
        },
        "qv_product_size_chart": {
            "active": "on"
        },
        "archive_title": {
            "active": "on"
        },
        "archive_description": {
            "active": "on"
        },
        "products_archive_catalog": {
            "active": "on"
        },
        "products_archive_catalog_custom": {
            "active": "on"
        },
        "ajax_product_filters": {
            "active": "on"
        },
        "product_filters": {
            "active": "on"
        },
        "archive_result_count": {
            "active": "on"
        },
        "archive_products_ordering": {
            "active": "on"
        },
        "archive_product_mode": {
            "active": "on"
        },
        "cart_table": {
            "active": "on"
        },
        "cart_totals": {
            "active": "on"
        },
        "cart_coupon_form": {
            "active": "on"
        },
        "cross_sells": {
            "active": "on"
        },
        "cross_sells_custom": {
            "active": "on"
        },
        "cross_sells_custom_slider": {
            "active": "on"
        },
        "billing_form": {
            "active": "on"
        },
        "shipping_form": {
            "active": "on"
        },
        "order_notes": {
            "active": "on"
        },
        "order_review": {
            "active": "on"
        },
        "checkout_payment": {
            "active": "on"
        },
        "coupon_form": {
            "active": "on"
        },
        "checkout_login_form": {
            "active": "on"
        },
        "shipping_method": {
            "active": "on"
        },
        "multi_step_checkout_widget": {
            "active": "on"
        },
        "order_received_text": {
            "active": "on"
        },
        "order_details_summary": {
            "active": "on"
        },
        "order_details_table": {
            "active": "on"
        },
        "downloadable_products": {
            "active": "on"
        },
        "order_billing_address": {
            "active": "on"
        },
        "order_shipping_address": {
            "active": "on"
        },
        "order_custom_fields_data": {
            "active": "on"
        },
        "account_navigation_edit_shipping": {
            "active": "on"
        },
        "account_dashboard": {
            "active": "on"
        },
        "account_orders": {
            "active": "on"
        },
        "account_downloads": {
            "active": "on"
        },
        "account_billing_address": {
            "active": "on"
        },
        "account_shipping_address": {
            "active": "on"
        },
        "account_address_description": {
            "active": "on"
        },
        "account_details": {
            "active": "on"
        },
        "account_order_status": {
            "active": "on"
        },
        "account_order_details_download": {
            "active": "on"
        },
        "account_order_details_note": {
            "active": "on"
        },
        "account_order_details_table": {
            "active": "on"
        },
        "account_order_details_order_again": {
            "active": "on"
        },
        "account_order_details_order_shipping": {
            "active": "on"
        },
        "account_order_details_order_billing": {
            "active": "on"
        },
        "account_edit_billing_address": {
            "active": "on"
        },
        "account_edit_shipping_address": {
            "active": "on"
        },
        "account_login": {
            "active": "on"
        },
        "account_login_form": {
            "active": "on"
        },
        "account_registration_form": {
            "active": "on"
        },
        "account_lost_password": {
            "active": "on"
        }
    },
    "modules": {
        "quick_view": {
            "active": "on",
            "loop_btn_position": "custom",
            "loop_btn_position_shortcode": "",
            "loop_custom_hook_name": "",
            "loop_custom_hook_priority": "10",
            "button_text": "Quick View",
            "modal_width": "",
            "modal_height": "",
            "modal_wrapper_padding": "",
            "modal_bg_color": "",
            "modal_box_shadow_color": "",
            "modal_overly_color": ""
        },
        "wishlist": {
            "active": "on",
            "enable_login_limit": "",
            "hide_wishlist_non_logged_in": "",
            "wishlist_shop_wrapper_heading": "",
            "show_btn_on_loop": "on",
            "loop_btn_position": "custom",
            "loop_btn_position_shortcode": "",
            "loop_custom_hook_name": "",
            "loop_custom_hook_priority": "10",
            "wishlist_single_wrapper_heading": "",
            "show_btn_product_page": "on",
            "product_btn_position": "custom",
            "product_btn_position_shortcode": "",
            "product_custom_hook_name": "",
            "product_custom_hook_priority": "10",
            "button_text": "Quick View",
            "notice_added_text": "Product added!",
            "notice_removed_text": "Product removed!",
            "browse_list_text": "Browse Wishlist",
            "page": "43",
            "page_show_fields": [
                "info",
                "price",
                "availability",
                "add_to_cart",
                "remove"
            ]
        },
        "compare": {
            "active": "on",
            "compare_shop_wrapper_heading": "",
            "show_btn_on_loop": "on",
            "loop_btn_position": "custom",
            "loop_btn_position_shortcode": "",
            "loop_custom_hook_name": "",
            "loop_custom_hook_priority": "10",
            "compare_single_wrapper_heading": "",
            "show_btn_product_page": "on",
            "product_btn_position": "custom",
            "product_btn_position_shortcode": "",
            "product_custom_hook_name": "",
            "product_custom_hook_priority": "10",
            "button_text": "Compare",
            "notice_added_text": "Product added!",
            "notice_removed_text": "Product removed!",
            "browse_list_text": "Browse Compare",
            "page": "44",
            "max_limit": 10,
            "page_show_fields": [
                "title",
                "rating",
                "price",
                "add_to_cart",
                "description",
                "availability",
                "sku",
                "weight",
                "dimensions"
            ]
        },
        "variation_swatches": {
            "active": ""
        },
        "variation_gallery": {
            "active": ""
        },
        "mini_cart": {
            "active": "on",
            "mini_cart_wrapper_heading": "",
            "mini_cart_drawer_style": "style1",
            "mini_cart_open_style": "open-always",
            "mini_cart_position": "left_center",
            "mini_cart_extra_field_visibility": "on",
            "mini_cart_coupon_visibility": "",
            "mini_cart_empty_text": "No products in the cart.",
            "mini_cart_go_shopping_btn_text": "Go Shopping",
            "mini_cart_empty_image": "",
            "mini_cart_loading_image": "",
            "mini_cart_float_button_heading": "",
            "hide_mini_cart": "on",
            "mini_cart_float_btn_style": "style1",
            "mini_cart_others_settings": "",
            "mini_cart_flying_animation": "on",
            "mini_cart_overlay_visibility": "on",
            "mini_cart_show_on_mobile": "on",
            "mini_cart_custom_selector": "",
            "mini_cart_include_page": [],
            "mini_cart_include_archive": [],
            "mini_cart_include_details_page": [],
            "mini_cart_exclude_page": [],
            "mini_cart_float_bg": "",
            "mini_cart_float_bg_hover": "",
            "mini_cart_btn_width": 0,
            "mini_cart_float_btn_radius": "",
            "mini_cart_primary": "#6b704f",
            "mini_cart_secondary": "#111111"
        },
        "product_size_chart": {
            "active": "on",
            "product_size_chart_position": "custom",
            "product_size_chart_shortcode": "",
            "product_custom_hook_name": "",
            "product_hook_priority": "",
            "size_chart_button_action": "popups",
            "size_chart_button_text": "See Size Chart",
            "chart_field_intro": "",
            "chart_field": "[{\"title\":\"See Size Chart\",\"apply_for\":\"product\",\"applicable_products\":[{\"value\":2156,\"label\":\"Dry Skin Moisturizer Lotion ( ID 2156)\"},{\"value\":2133,\"label\":\"Essential Hair Oil ( ID 2133)\"},{\"value\":2153,\"label\":\"ISUP Drop Stitch Wakeboard ( ID 2153)\"},{\"value\":3154,\"label\":\"Moisturizer Summer Skin (ID#3154)\"},{\"value\":2145,\"label\":\"Neck Eye Resin Facial Massage (ID#2145)\"},{\"value\":4546,\"label\":\"Gift Card (ID#4546)\"}],\"size_chart_image\":{\"id\":2200,\"source\":\"https:\\\/\\\/www.radiustheme.com\\\/demo\\\/wordpress\\\/themes\\\/blusho\\\/wp-content\\\/uploads\\\/2025\\\/04\\\/sb-product-size-chart.webp\"},\"uniqueid\":\"rtsb_repeater_item_md6ym7bjap2b7otw49\"}]",
            "size_chart_button_height": "",
            "size_chart_wrapper_padding": "",
            "size_chart_wrapper_margin": "",
            "size_chart_button_background_color": "",
            "size_chart_button_text_color": "",
            "size_chart_button_background_hover_color": "",
            "size_chart_button_text_hover_color": ""
        },
        "product_badges": {
            "active": "on",
            "hide_woocommerce_badge": "on",
            "hide_on_sale": "all_products",
            "group_badge_display_as": "horizontal",
            "group_badge_gap": "10px",
            "general_options": "",
            "loop_group_position": "above_image",
            "loop_custom_hook_name": "",
            "group_position_hook_priority": "",
            "group_badge_position": "top-left",
            "product_options": "",
            "product_page_group_position": "custom",
            "product_page_badges_shortcode": "",
            "product_page_custom_hook_name": "",
            "product_page_group_hook_priority": "",
            "product_page_group_badge_position": "top-left",
            "badges_field_intro": "",
            "badges_field": "[{\"title\":\"Sale\",\"badge_condition\":\"custom\",\"badge_for\":\"on_sale\",\"badges_type\":\"text\",\"badge_preset\":\"preset1\",\"badges_text\":\"Sale!\",\"apply_for\":\"product\",\"applicable_products\":[{\"value\":2156,\"label\":\"Dry Skin Moisturizer Lotion (ID#2156)\"}],\"badge_text_color\":\"#111111\",\"badge_bg_color\":\"#ffffff\",\"badge_font_width\":\"500\",\"uniqueid\":\"rtsb_repeater_item_md6uv0fuj1yup7jlk3c\"},{\"title\":\"New\",\"badge_condition\":\"custom\",\"badge_for\":\"on_sale\",\"badges_type\":\"text\",\"badge_preset\":\"preset1\",\"badges_text\":\"New\",\"apply_for\":\"product\",\"badge_text_color\":\"#111111\",\"badge_bg_color\":\"#ffffff\",\"badge_font_width\":\"500\",\"uniqueid\":\"rtsb_repeater_item_md6uv0fu8t0zsohfqnl\",\"applicable_products\":[{\"value\":2145,\"label\":\"Neck Eye Resin Facial Massage (ID#2145)\"}]}]"
        },
        "customize_my_account": {
            "active": "on",
            "endpoint_field_intro": "",
            "endpoint_field": "[{\"menu_visibility\":\"on\",\"repeater_type\":\"endpoint\",\"title\":\"Dashboard\",\"slug\":\"my-custom-endpoint\",\"icon\":\"custom\",\"visibility\":\"all\",\"roles\":[],\"content_position\":\"replace\",\"uniqueid\":\"dashboard\",\"deletable\":\"no\",\"custom_icon\":\"avatar\"},{\"menu_visibility\":\"on\",\"repeater_type\":\"endpoint\",\"title\":\"Orders\",\"slug\":\"orders\",\"icon\":\"custom\",\"visibility\":\"all\",\"roles\":[],\"content_position\":\"replace\",\"uniqueid\":\"orders\",\"deletable\":\"no\",\"custom_icon\":\"list-2\"},{\"menu_visibility\":\"on\",\"repeater_type\":\"endpoint\",\"title\":\"Downloads\",\"slug\":\"downloads\",\"icon\":\"custom\",\"visibility\":\"all\",\"roles\":[],\"content_position\":\"replace\",\"uniqueid\":\"downloads\",\"deletable\":\"no\",\"custom_icon\":\"downloads\"},{\"menu_visibility\":\"on\",\"repeater_type\":\"endpoint\",\"title\":\"Addresses\",\"slug\":\"edit-address\",\"icon\":\"custom\",\"visibility\":\"all\",\"roles\":[],\"content_position\":\"replace\",\"uniqueid\":\"edit-address\",\"deletable\":\"no\",\"custom_icon\":\"marker\"},{\"menu_visibility\":\"on\",\"repeater_type\":\"endpoint\",\"title\":\"Payment methods\",\"slug\":\"payment-methods\",\"icon\":\"custom\",\"visibility\":\"all\",\"roles\":[],\"content_position\":\"replace\",\"uniqueid\":\"payment-methods\",\"deletable\":\"no\",\"custom_icon\":\"payment\"},{\"menu_visibility\":\"on\",\"repeater_type\":\"endpoint\",\"title\":\"Account details\",\"slug\":\"edit-account\",\"icon\":\"custom\",\"visibility\":\"all\",\"roles\":[],\"content_position\":\"replace\",\"uniqueid\":\"edit-account\",\"deletable\":\"no\",\"custom_icon\":\"user-edit\"},{\"menu_visibility\":\"on\",\"repeater_type\":\"endpoint\",\"title\":\"Log out\",\"slug\":\"customer-logout\",\"icon\":\"custom\",\"visibility\":\"all\",\"roles\":[],\"content_position\":\"replace\",\"uniqueid\":\"customer-logout\",\"deletable\":\"no\",\"custom_icon\":\"power\"}]",
            "endpoint_font_intro": "",
            "my_acc_nav_font_size": "",
            "my_acc_nav_font_weight": "400",
            "my_acc_nav_icon_size": "",
            "endpoint_color_intro": "",
            "my_acc_nav_text_color": "",
            "my_acc_nav_bg_color": "",
            "my_acc_nav_icon_color": "",
            "my_acc_nav_hover_color": "",
            "my_acc_nav_hover_bg_color": "",
            "my_acc_nav_hover_icon_color": "",
            "my_acc_nav_active_color": "",
            "my_acc_nav_active_bg_color": "",
            "my_acc_nav_active_icon_color": "",
            "endpoint_spacing_intro": "",
            "my_acc_nav_border": "",
            "my_acc_nav_border_color": "",
            "my_acc_nav_padding": "",
            "my_acc_nav_icon_spacing": "",
            "my_acc_nav_icon_padding": "",
            "my_acc_nav_margin": ""
        },
        "pre_order": {
            "active": "on",
            "pre_order_label_intro": "",
            "pre_order_button_label": "Pre-Order",
            "pre_order_closed_text": "Pre-Order Closed",
            "pre_order_checkout_button_label": "",
            "pre_order_avail_msg": "On Pre-Order: Expected availability by {availability_date}.",
            "pre_order_avail_msg_no_date": "On Pre-Order: This product will be available soon.",
            "pre_order_settings_intro": "",
            "pre_order_max_allowed_order": "3",
            "pre_order_status": "custom",
            "pre_order_price": "hide",
            "pre_order_auto_convert": "on",
            "pre_order_user_access": "",
            "user_role_management": "all",
            "pre_order_roles": [
                "administrator",
                "customer"
            ],
            "hide_for_guest_users": "",
            "guest_user_price_text": "Login to see prices",
            "pre_order_cart_settings": "",
            "prevent_mixing": "on",
            "prevent_add_multiple": "",
            "pre_order_countdown_settings": "",
            "pre_order_show_countdown": "on",
            "pre_order_notification_intro": "",
            "pre_order_received_email": "on",
            "pre_order_confirmation_email": "on",
            "pre_order_release_email": "on",
            "pre_order_cancellation_email": "on",
            "pre_order_text_style_intro": "",
            "pre_order_text_color": "",
            "pre_order_bg_color": "",
            "pre_order_font_size": "",
            "pre_order_font_weight": "400",
            "pre_order_radius": "",
            "pre_order_padding": "",
            "pre_order_margin": "",
            "pre_order_badge_style_intro": "",
            "pre_order_badge_text_color": "",
            "pre_order_badge_bg_color": "",
            "pre_order_counter_style_intro": "",
            "pre_order_counter_background_color": "",
            "pre_order_counter_text_color": "",
            "pre_order_counter_button_margin": ""
        },
        "currency_switcher": {
            "active": "on",
            "show_sticky_currency_widget": "on",
            "show_currency_shortcode": "",
            "currency_switcher_position": "left-middle",
            "enable_currency_flag": "on",
            "enable_currency_text": "on",
            "exchange_rates": "manually",
            "exchange_rate_resources": "cuex",
            "cuex_api_key": "",
            "update_exchange_rates": "24",
            "location_settings": "",
            "enable_geolocation": "",
            "checkout_settings": "",
            "checkout_currency": "customer-selected",
            "update_currency_on_cart_page": "on",
            "currency_field_intro": "",
            "currency_options": "[{\"activate_currency\":\"on\",\"title\":\"AED\",\"currency_position\":\"left\",\"thousand_separator\":\",\",\"decimal_separator\":\".\",\"number_of_decimals\":2,\"uniqueid\":\"m9jsod9imzlm30qxyvq\"},{\"activate_currency\":\"on\",\"title\":\"USD\",\"currency_position\":\"left\",\"thousand_separator\":\",\",\"decimal_separator\":\".\",\"number_of_decimals\":2,\"uniqueid\":\"m9jsp5dzaq87gmyz4le\"},{\"activate_currency\":\"on\",\"title\":\"EUR\",\"currency_position\":\"left\",\"thousand_separator\":\",\",\"decimal_separator\":\".\",\"number_of_decimals\":2,\"uniqueid\":\"m9jsptwdezzd2nwpnyl\",\"custom_symbol\":\"\"}]",
            "switcher_preset": "preset1",
            "currency_text_color": "",
            "currency_active_text_color": "",
            "currency_text_font_size": "",
            "switcher_bg_color": "",
            "placeholder_section": "",
            "currency_label_bg_color": "",
            "currency_label_text_color": "",
            "currency_icon_bg_color": "",
            "currency_icon_color": "",
            "currency_label_font_size": "",
            "currency_icon_font_size": ""
        },
        "product_add_ons": {
            "active": "on",
            "add_ons_settings_intro": "",
            "add_ons_position": "before",
            "add_ons_cart_button_label": "Select Options",
            "add_ons_update_base_price": "on",
            "add_ons_hook_priority": "",
            "allowed_image_extensions": [
                "jpg",
                "png",
                "webp"
            ],
            "price_box_settings_intro": "",
            "add_ons_price_total_box": "all",
            "add_ons_price_box_text": "Grand Total",
            "add_ons_visibility_settings_intro": "",
            "add_ons_show_add_to_cart": "",
            "add_ons_show_in_cart": "on",
            "add_ons_show_in_order_email": "on",
            "add_ons_user_settings_intro": "",
            "add_ons_user_role_management": "all",
            "add_ons_roles": [
                "administrator",
                "customer"
            ],
            "add_on_groups_intro": "",
            "add_on_groups": "",
            "addons_style_intro": "",
            "group_header_tag": "h2",
            "group_header_font_size": "",
            "group_desc_font_size": "",
            "group_header_background_color": "",
            "group_header_text_color": "",
            "group_header_padding": "",
            "group_header_margin": "",
            "groups_style_intro": "",
            "field_label_tag": "h3",
            "field_label_font_size": "",
            "field_desc_font_size": "",
            "field_label_color": "",
            "group_background_color": "",
            "group_border_color": "",
            "group_radius": "",
            "group_tooltip_position": "right",
            "group_padding": "",
            "group_margin": "",
            "form_style_intro": "",
            "form_primary_color": "",
            "form_background_color": "",
            "field_text_color": "",
            "form_border_color": "",
            "checkbox_background_color": "#6b704f",
            "checkbox_label_color": "",
            "checkbox_border_color": "#6b704f",
            "radio_background_color": "",
            "radio_label_color": "",
            "radio_border_color": "",
            "text_select_background_color": "",
            "text_select_label_color": "",
            "switch_background_color": "",
            "switch_label_color": "",
            "image_button_color": "",
            "image_button_bg_color": "",
            "image_button_hover_color": "",
            "image_button_hover_bg_color": "",
            "price_box_style_intro": "",
            "price_box_text_color": "",
            "price_box_background_color": "",
            "price_box_border_color": "",
            "price_box_radius": "",
            "price_box_padding": "",
            "price_box_margin": ""
        },
        "checkout_fields_editor": {
            "active": "",
            "checkout_billing_intro": "",
            "modify_billing_form": "",
            "checkout_billing_title": "",
            "checkout_billing_fields_info": "",
            "checkout_billing_fields": "[{\"id\":1,\"deletable\":\"no\",\"isEnable\":\"on\",\"label\":\"First Name\",\"type\":\"text\",\"options\":[],\"name\":\"first_name\",\"validation\":\"default\",\"placeholder\":\"Enter your first name.\",\"isRequired\":\"on\",\"default\":\"\",\"custom_class\":\"form-row-first\"},{\"id\":2,\"deletable\":\"no\",\"isEnable\":\"on\",\"label\":\"Last Name\",\"type\":\"text\",\"options\":[],\"name\":\"last_name\",\"isRequired\":\"on\",\"placeholder\":\"Last Name\",\"default\":\"\",\"validation\":\"default\",\"custom_class\":\"form-row-last\"},{\"id\":3,\"deletable\":\"no\",\"label\":\"Company Name\",\"placeholder\":\"\",\"type\":\"text\",\"options\":[],\"isEnable\":\"on\",\"name\":\"company\",\"custom_class\":\"form-row-wide\"},{\"id\":4,\"deletable\":\"no\",\"label\":\"Country\",\"name\":\"country\",\"placeholder\":\"\",\"type\":\"text\",\"options\":[],\"isEnable\":\"on\",\"custom_class\":\"form-row-wide,address-field,update_totals_on_change\"},{\"id\":5,\"deletable\":\"no\",\"label\":\"Street address\",\"type\":\"text\",\"placeholder\":\"House number and street name\",\"options\":[],\"name\":\"address_1\",\"custom_class\":\"form-row-wide,address-field\",\"validation\":\"state\",\"isEnable\":\"on\"},{\"id\":6,\"deletable\":\"no\",\"label\":\"Apartment Address\",\"placeholder\":\"Apartment, suite, unit, etc. (optional)\",\"custom_class\":\"form-row-wide,address-field\",\"type\":\"text\",\"options\":[],\"isEnable\":\"on\",\"name\":\"address_2\"},{\"id\":7,\"deletable\":\"no\",\"label\":\"City \/ Town\",\"type\":\"text\",\"placeholder\":\"\",\"options\":[],\"isEnable\":\"on\",\"name\":\"city\",\"validation\":\"default\",\"isRequired\":\"on\",\"custom_class\":\"form-row-wide,address-field\"},{\"id\":8,\"isEnable\":\"on\",\"deletable\":\"no\",\"label\":\"State\/Country\",\"type\":\"text\",\"placeholder\":\"\",\"options\":[],\"name\":\"state\",\"validation\":\"state\",\"custom_class\":\"form-row-wide,address-field\"},{\"id\":9,\"deletable\":\"no\",\"label\":\"Postcode \/ ZIP\",\"type\":\"text\",\"placeholder\":\"\",\"options\":[],\"isEnable\":\"on\",\"name\":\"postcode\",\"validation\":\"postcode\",\"isRequired\":\"on\",\"custom_class\":\"form-row-wide,address-field\"},{\"id\":10,\"deletable\":\"no\",\"label\":\"Phone\",\"placeholder\":\"\",\"type\":\"text\",\"options\":[],\"isEnable\":\"on\",\"name\":\"phone\",\"validation\":\"phone\",\"isRequired\":\"on\",\"custom_class\":\"form-row-wide\"},{\"id\":11,\"deletable\":\"no\",\"label\":\"Email Address\",\"placeholder\":\"\",\"type\":\"text\",\"options\":[],\"isEnable\":\"on\",\"name\":\"email\",\"validation\":\"email\",\"isRequired\":\"on\",\"custom_class\":\"form-row-wide\"}]",
            "checkout_shipping_intro": "",
            "modify_shipping_form": "",
            "checkout_shipping_title": "",
            "checkout_shipping_fields_info": "",
            "checkout_shipping_fields": "[{\"id\":1,\"deletable\":\"no\",\"isEnable\":\"on\",\"label\":\"First Name\",\"type\":\"text\",\"options\":[],\"name\":\"first_name\",\"validation\":\"default\",\"placeholder\":\"Enter your first name.\",\"isRequired\":\"on\",\"default\":\"\",\"custom_class\":\"form-row-first\"},{\"id\":2,\"deletable\":\"no\",\"isEnable\":\"on\",\"label\":\"Last Name\",\"type\":\"text\",\"options\":[],\"name\":\"last_name\",\"isRequired\":\"on\",\"placeholder\":\"Last Name\",\"default\":\"\",\"validation\":\"default\",\"custom_class\":\"form-row-last\"},{\"id\":3,\"deletable\":\"no\",\"label\":\"Company Name\",\"placeholder\":\"\",\"type\":\"text\",\"options\":[],\"isEnable\":\"on\",\"name\":\"company\",\"custom_class\":\"form-row-wide\"},{\"id\":4,\"deletable\":\"no\",\"label\":\"Country\",\"name\":\"country\",\"placeholder\":\"\",\"type\":\"text\",\"options\":[],\"isEnable\":\"on\",\"custom_class\":\"form-row-wide,address-field,update_totals_on_change\"},{\"id\":5,\"deletable\":\"no\",\"label\":\"Street address\",\"type\":\"text\",\"placeholder\":\"House number and street name\",\"options\":[],\"name\":\"address_1\",\"custom_class\":\"form-row-wide,address-field\",\"validation\":\"state\",\"isEnable\":\"on\"},{\"id\":6,\"deletable\":\"no\",\"label\":\"Apartment Address\",\"placeholder\":\"Apartment, suite, unit, etc. (optional)\",\"custom_class\":\"form-row-wide,address-field\",\"type\":\"text\",\"options\":[],\"isEnable\":\"on\",\"name\":\"address_2\"},{\"id\":7,\"deletable\":\"no\",\"label\":\"City \/ Town\",\"type\":\"text\",\"placeholder\":\"\",\"options\":[],\"isEnable\":\"on\",\"name\":\"city\",\"validation\":\"default\",\"isRequired\":\"on\",\"custom_class\":\"form-row-wide,address-field\"},{\"id\":8,\"isEnable\":\"on\",\"deletable\":\"no\",\"label\":\"State\/Country\",\"type\":\"text\",\"placeholder\":\"\",\"options\":[],\"name\":\"state\",\"validation\":\"state\",\"custom_class\":\"form-row-wide,address-field\"},{\"id\":9,\"deletable\":\"no\",\"label\":\"Postcode \/ ZIP\",\"type\":\"text\",\"placeholder\":\"\",\"options\":[],\"isEnable\":\"on\",\"name\":\"postcode\",\"validation\":\"postcode\",\"isRequired\":\"on\",\"custom_class\":\"form-row-wide,address-field\"}]",
            "checkout_additional_intro": "",
            "modify_additional_form": "",
            "checkout_additional_title": "",
            "checkout_additional_fields_info": "",
            "checkout_additional_fields": "[{\"id\":1,\"deletable\":\"no\",\"isEnable\":\"on\",\"label\":\"Order Note\",\"type\":\"textarea\",\"options\":[],\"name\":\"comments\",\"validation\":\"default\",\"placeholder\":\"\",\"isRequired\":\"\",\"default\":\"\",\"custom_class\":\"\"}]"
        },
        "sales_notification": {
            "active": "on",
            "notification_layout": "style-1",
            "notification_image": "products-image",
            "notification_number_of_popups": "100",
            "notification_cache": "3600",
            "notification_position": "bottom_left",
            "notification_animate_for_top_left": "fadein",
            "notification_animate_for_top_right": "fadein",
            "notification_animate_for_bottom_left": "fadein",
            "notification_animate_for_bottom_right": "fadein",
            "notification_delay": "5000",
            "notification_keep_onscreen": "7000",
            "notification_show_close_button": "",
            "notification_display_user_name": "",
            "notification_show_on_mobile": "",
            "notification_show_processing_order": "on",
            "notification_enable_product_link": "on",
            "notification_product_title_max_words": "10",
            "notification_include_archive": [],
            "notification_exclude_archive": [],
            "notification_include_pages": [],
            "notification_exclude_pages": [],
            "notification_background_color": "",
            "notification_link_color": "",
            "notification_link_hover_color": "",
            "notification_text_color": "",
            "notification_name_address_color": "",
            "notification_purchased_time_color": "",
            "notification_cross_button_color": ""
        },
        "flash_sale_countdown": {
            "active": "on",
            "counter_shop_wrapper_heading": "",
            "show_counter_on_loop": "on",
            "loop_counter_position": "custom",
            "loop_counter_position_shortcode": "",
            "loop_custom_hook_name": "",
            "loop_hook_priority": "",
            "loop_counter_layout": "horizontal",
            "loop_counter_vertical_position": "top-left",
            "counter_single_wrapper_heading": "",
            "show_counter_product_page": "on",
            "product_counter_position": "custom",
            "product_counter_position_shortcode": "",
            "product_custom_hook_name": "",
            "product_hook_priority": "",
            "loop_counter_vertical_top_distance": "20px",
            "loop_counter_vertical_vertical_distance": "20px",
            "counter_background_color": "",
            "counter_text_color": "",
            "counter_button_margin": "",
            "campaign_field_intro": "",
            "campaign_field": "[{\"enable_campaign\":\"on\",\"title\":\"Black Friday \",\"custom_date\":\"on\",\"start_date\":\"2025-04-06 12:57\",\"end_date\":\"2026-01-02 12:57\",\"apply_for\":\"product\",\"applicable_products\":[{\"value\":2156,\"label\":\"Dry Skin Moisturizer Lotion ( ID 2156)\"},{\"value\":2133,\"label\":\"Essential Hair Oil ( ID 2133)\"},{\"value\":2153,\"label\":\"ISUP Drop Stitch Wakeboard ( ID 2153)\"},{\"value\":3154,\"label\":\"Moisturizer Summer Skin (ID#3154)\"},{\"value\":2145,\"label\":\"Neck Eye Resin Facial Massage (ID#2145)\"},{\"value\":4546,\"label\":\"Gift Card (ID#4546)\"}],\"discount_type\":\"fixed\",\"discount_amount\":10,\"uniqueid\":\"rtsb_repeater_item_md6ylr1ir89lxs3x0ye\"}]"
        },
        "quick_checkout": {
            "active": "on",
            "quick_checkout_clear_cart": "",
            "quick_checkout_button_action": "redirect",
            "quick_checkout_button_text": "Buy It Now",
            "quick_checkout_shop_wrapper_heading": "",
            "show_quick_checkout_on_loop": "on",
            "loop_quick_checkout_position": "custom",
            "loop_quick_checkout_shortcode": "",
            "loop_custom_hook_name": "",
            "loop_hook_priority": "",
            "quick_checkout_single_wrapper_heading": "",
            "show_quick_checkout_product_page": "on",
            "product_quick_checkout_position": "custom",
            "product_quick_checkout_shortcode": "",
            "product_custom_hook_name": "",
            "product_hook_priority": "",
            "loop_quick_checkout_button_height": "",
            "loop_quick_checkout_button_padding": "",
            "loop_quick_checkout_button_margin": "",
            "product_quick_checkout_button_height": "",
            "product_quick_checkout_button_padding": "",
            "product_quick_checkout_button_margin": "",
            "quick_checkout_background_color": "",
            "quick_checkout_text_color": "",
            "quick_checkout_background_hover_color": "",
            "quick_checkout_text_hover_color": ""
        },
        "multi_step_checkout": {
            "active": "",
            "checkout_step_settings": "",
            "checkout_layout": "layout1",
            "login_step_visibility": "on",
            "show_back_to_cart_button": "on",
            "checkout_text_change": "",
            "back_to_top_btn_text": "",
            "previous_btn_text": "",
            "next_btn_text": "",
            "skip_login_btn_text": "",
            "place_order_btn_text": "",
            "multi_step_icon_note": "",
            "login_icon_settings": "",
            "login_icon": "none",
            "login_custom_icon": "",
            "login_image_icon": "",
            "billing_icon_settings": "",
            "billing_icon": "none",
            "billing_custom_icon": "",
            "billing_image_icon": "",
            "shipping_icon_settings": "",
            "shipping_icon": "none",
            "shipping_custom_icon": "",
            "shipping_image_icon": "",
            "order_icon_settings": "",
            "order_icon": "none",
            "order_custom_icon": "",
            "order_image_icon": "",
            "payment_icon_settings": "",
            "payment_icon": "none",
            "payment_custom_icon": "",
            "payment_image_icon": "",
            "primary_color": "",
            "wrapper_padding": "",
            "timeline_styles": "",
            "timeline_color": "",
            "timeline_active_color": "",
            "timeline_font_size": "15",
            "timeline_position": "",
            "back_to_cart_button_styles": "",
            "back_to_cart_button_height": "50",
            "back_to_cart_button_font_size": "15",
            "back_to_cart_button_bg_color": "",
            "back_to_cart_button_hover_bg_color": "",
            "back_to_cart_button_color": "",
            "back_to_cart_button_hover_color": "",
            "back_to_cart_button_border_color": "",
            "back_to_cart_button_hover_border_color": "",
            "prev_button_styles_settings": "",
            "prev_button_height": "50",
            "prev_button_font_size": "15",
            "prev_button_bg_color": "",
            "prev_button_hover_bg_color": "",
            "prev_button_color": "",
            "prev_button_hover_color": "",
            "prev_button_border_color": "",
            "prev_button_hover_border_color": "",
            "next_button_styles_settings": "",
            "next_button_height": "50",
            "next_button_font_size": "15",
            "next_button_bg_color": "",
            "next_button_hover_bg_color": "",
            "next_button_color": "",
            "next_button_hover_color": "",
            "next_button_border_color": "",
            "next_button_hover_border_color": "",
            "place_order_button_styles_settings": "",
            "place_order_button_height": "50",
            "place_order_button_font_size": "15",
            "place_order_button_bg_color": "",
            "place_order_button_hover_bg_color": "",
            "place_order_button_color": "",
            "place_order_button_hover_color": "",
            "place_order_button_border_color": "",
            "place_order_button_hover_border_color": ""
        },
        "back_order": {
            "active": "on",
            "back_order_max_allowed_order": "5",
            "back_order_avail_date": "2025-04-07",
            "back_order_avail_msg": "On Backorder: Expected availability by {availability_date}.",
            "back_order_text_style_intro": "",
            "back_order_text_color": "",
            "back_order_bg_color": "",
            "back_order_font_size": "",
            "back_order_font_weight": "400",
            "back_order_radius": "",
            "back_order_padding": "",
            "back_order_margin": "",
            "back_order_badge_style_intro": "",
            "back_order_badge_text_color": "",
            "back_order_badge_bg_color": ""
        },
        "sticky_add_to_cart": {
            "active": "on",
            "sticky_settings": "",
            "sticky_position": "bottom",
            "visibility_triggers": "1000",
            "show_fullwidth": "",
            "sticky_bar_width": "1290",
            "sticky_bar_animation": "slide",
            "button_label": "Add to Cart",
            "visibility_settings": "",
            "show_image": "on",
            "show_product_title": "on",
            "show_quantity_selector": "on",
            "show_on_variation": "on",
            "responsive_visibility": "default",
            "bar_style_intro": "",
            "sticky_color_scheme": "light",
            "sticky_bar_primary_color": "",
            "sticky_bar_bg_color": "",
            "sticky_bar_title_tag": "h4",
            "sticky_bar_title_font_size": "",
            "sticky_bar_title_color": "",
            "sticky_bar_content_font_size": "",
            "sticky_bar_content_color": "",
            "sticky_bar_border_color": "",
            "sticky_bar_shadow": "",
            "sticky_bar_radius": "",
            "sticky_bar_padding": "",
            "form_style_intro": "",
            "input_text_color": "",
            "input_bg_color": "",
            "input_border_color": "",
            "qty_color": "",
            "sticky_bar_button": "",
            "sticky_bar_button_text_color": "#ffffff",
            "sticky_bar_button_hover_text_color": "",
            "sticky_bar_button_bg_color": "#6b704f",
            "sticky_bar_button_hover_bg_color": ""
        },
        "shopify_checkout": {
            "active": "",
            "general_settings": "",
            "shopify_page_logo": "",
            "shopify_logo_height": "40",
            "cart_icon_source": "none",
            "cart_icon": "cart-2",
            "cart_image_icon": "",
            "email_field_title": "Contact",
            "billing_address_field_title": "Billing address",
            "enable_multi_step": "",
            "step_menu_settings": "",
            "show_step_menu": "on",
            "show_cart_menu": "",
            "cart_text": "Cart",
            "billing_text": "Billing",
            "shipping_text": "Shipping",
            "shipping_method_text": "Shipping Method",
            "payment_text": "Payment",
            "next_button_settings": "",
            "shop_continue_btn": "on",
            "continue_btn_text_for_shipping": "Next",
            "continue_btn_text_for_shipping_method": "Next",
            "continue_btn_text_for_payment": "Next",
            "shop_return_btn": "on",
            "return_btn_text_for_billing": "Prev",
            "return_btn_text_for_shipping": "Prev",
            "return_btn_text_for_shipping_method": "Prev",
            "order_review_settings": "",
            "order_review_item_link": "",
            "extra_content": "",
            "footer_settings": "",
            "footer_menu": "none",
            "footer_text": "Copyright @{year} | All rights reserved",
            "login_button_styles_settings": "",
            "login_button_height": "50",
            "login_button_width": "",
            "login_button_font_size": "15",
            "login_button_bg_color": "",
            "login_button_hover_bg_color": "",
            "login_button_color": "",
            "login_button_hover_color": "",
            "login_button_border_color": "",
            "login_button_hover_border_color": "",
            "place_order_button_styles_settings": "",
            "place_order_button_height": "50",
            "place_order_button_width": "",
            "place_order_button_font_size": "15",
            "place_order_button_bg_color": "",
            "place_order_button_hover_bg_color": "",
            "place_order_button_color": "",
            "place_order_button_hover_color": "",
            "place_order_button_border_color": "",
            "place_order_button_hover_border_color": "",
            "next_button_styles_settings": "",
            "next_button_height": "50",
            "next_button_width": "",
            "next_button_font_size": "15",
            "next_button_bg_color": "",
            "next_button_hover_bg_color": "",
            "next_button_color": "",
            "next_button_hover_color": "",
            "next_button_border_color": "",
            "next_button_hover_border_color": "",
            "prev_button_styles_settings": "",
            "prev_button_height": "50",
            "prev_button_width": "",
            "prev_button_font_size": "15",
            "prev_button_bg_color": "",
            "prev_button_hover_bg_color": "",
            "prev_button_color": "",
            "prev_button_hover_color": "",
            "prev_button_border_color": "",
            "prev_button_hover_border_color": "",
            "coupon_button_styles_settings": "",
            "coupon_height": "50",
            "coupon_button_font_size": "15",
            "coupon_button_bg_color": "",
            "coupon_button_hover_bg_color": "",
            "coupon_button_color": "",
            "coupon_button_hover_color": "",
            "coupon_button_border_color": "",
            "coupon_button_hover_border_color": "",
            "header_cart_icon_styles": "",
            "shopify_cart_icon_height": "40",
            "header_cart_icon_color": "",
            "header_cart_icon_hover_color": "",
            "header_cart_icon_font_size": "15",
            "footer_menu_styles_settings": "",
            "footer_menu_color": "",
            "footer_menu_hover_color": "",
            "footer_menu_font_size": "15",
            "footer_text_size": "15",
            "footer_text_color": "",
            "step_menu_styles_settings": "",
            "step_menu_color": "",
            "step_menu_hover_color": "",
            "step_menu_font_size": "15"
        },
        "smart_coupons": {
            "active": "",
            "coupon_settings": "",
            "coupon_admin_columns": [
                "coupon_groups",
                "start_date",
                "total_sales",
                "used_in_orders",
                "url_coupon"
            ],
            "enable_bulk_generator": "on",
            "enable_coupon_exporter": "on",
            "coupon_shortcode_info": "",
            "coupon_shortcode_attr": "",
            "sc_style_intro": "",
            "sc_coupon_bg_color": "",
            "sc_coupon_text_color": ""
        },
        "bulk_discounts": {
            "active": "on",
            "general_settings": "",
            "discount_message_in_product_loop": "",
            "discount_message_in_product_details": "on",
            "enable_cart_message": "",
            "cart_message": "Bulk Discount Applied!!",
            "disable_coupons": "",
            "rules_field_intro": "",
            "rules": "[{\"title\":\"Bulk Discount\",\"apply_for\":\"product\",\"applicable_products\":[{\"value\":2133,\"label\":\"Essential Hair Oil (ID#2133)\"}],\"discount_type\":\"percentage\",\"discount_apply_on\":\"regular-price\",\"user_roles\":[],\"uniqueid\":\"m9qnsn9b7yymblv0vpj\",\"bulk_discount_condition\":\"5:5|10:7|15:10\"}]",
            "badge_text_color": "",
            "badge_bg_color": "",
            "notice_bg_color": "",
            "notice_border_color": "",
            "notice_text_color": "",
            "notice_list_arrow_color": "",
            "notice_number_color": "",
            "notice_tooltip_arrow_color": "",
            "style_settings_product_showcase": "",
            "showcase_note_font_size": "15",
            "showcase_note_font_color": "",
            "showcase_note_margin": "",
            "style_settings_product_details": "",
            "details_page_note_font_size": "22",
            "details_page_note_font_color": "#dc0000",
            "details_page_note_margin": ""
        },
        "bogo_bxgy_free_gift_discounts": {
            "general_settings": "",
            "discount_note_in_product_loop": "",
            "discount_note_in_product_details": "on",
            "cart_message": "Discount Applied On {{bxgy_products}}",
            "disable_coupons": "",
            "rules_field_intro": "",
            "rules": "[]",
            "style_settings_tooltips": "",
            "badge_text_color": "",
            "badge_bg_color": "",
            "notice_bg_color": "",
            "notice_border_color": "",
            "notice_text_color": "",
            "notice_tooltip_arrow_color": "",
            "tooltip_product_name_color": "",
            "tooltip_product_name_hover_color": "",
            "style_settings_product_showcase": "",
            "showcase_note_font_size": "15",
            "showcase_note_font_color": "",
            "showcase_note_margin": "",
            "style_settings_product_details": "",
            "details_page_note_font_size": "22",
            "details_page_note_font_color": "#dc0000",
            "details_page_note_margin": "",
            "active": "on",
            "bxgybogo_cart_message": "Discount Applied On {{bxgy_products}}",
            "bxgybogo_disable_coupons": "",
            "bxgybogo_rules_field_intro": "",
            "bxgybogo_rules": "[{\"title\":\"Bogo\",\"discount_type\":\"bogo\",\"applicable_product\":[{\"value\":3154,\"label\":\"Moisturizer Summer Skin (ID#3154)\"}],\"required_quantity\":1,\"discount_product\":[{\"value\":2156,\"label\":\"Dry Skin Moisturizer Lotion (ID#2156)\"}],\"discount_product_quantity\":1,\"discount_calculation\":\"full\",\"user_roles\":[],\"uniqueid\":\"rtsb_repeater_item_md6tfuxixffy7b3gg6h\"},{\"title\":\"Buy Get\",\"discount_type\":\"buy-x-get-y\",\"applicable_product\":[{\"value\":2146,\"label\":\"Hair Damage Recover Oil (ID#2146)\"}],\"required_quantity\":1,\"discount_product_quantity\":1,\"discount_calculation\":\"full\",\"user_roles\":[],\"uniqueid\":\"rtsb_repeater_item_md6tg45jsusddkn0mho\",\"discount_product\":[{\"value\":2145,\"label\":\"Neck Eye Resin Facial Massage (ID#2145)\"}]}]"
        },
        "partial_pay": {
            "partial_pay_settings_intro": "",
            "partial_pay_in_product_loop": "",
            "default_payment_type": "full",
            "restrict_payment_method": [],
            "balanced_payment_date": "30",
            "days_to_send_mail": "5",
            "disable_coupons": "on",
            "partial_pay_label_intro": "",
            "partial_payment_label": "Pay Partial Amount",
            "full_payment_label": "Pay Full Amount",
            "first_installment_label_single": "Partial Pay",
            "remaining_label_single": "Remaining Balance",
            "to_pay_label": "Pay Balance",
            "partial_pay_user_settings_intro": "",
            "partial_pay_user_role_management": "all",
            "partial_pay_roles": [
                "administrator",
                "customer"
            ],
            "rules_field_intro": "",
            "partial_pay_rules": "[]",
            "partial_pay_notification_intro": "",
            "partial_pay_received_email": "on",
            "partial_pay_confirmation_email": "on",
            "partial_pay_expiration_email": "on",
            "partial_pay_on_hold_email": "on",
            "pp_product_showcase": "",
            "pp_note_font_size": "18",
            "pp_note_font_color": "",
            "pp_note_bg_color": "",
            "pp_note_radius": "",
            "pp_note_padding": "",
            "pp_note_margin": "",
            "pp_text_style_intro": "",
            "pp_form_primary_color": "#6b704f",
            "pp_form_background_color": "",
            "pp_radio_label_color": "",
            "pp_radio_price_color": "",
            "pp_field_text_color": "",
            "pp_form_border_color": "",
            "pp_radius": "",
            "pp_margin": "",
            "pp_badge_style_intro": "",
            "pp_badge_text_color": "",
            "pp_badge_bg_color": "",
            "active": "on"
        },
        "gift_card": {
            "general_settings": "",
            "publish_card": [
                "processing",
                "completed"
            ],
            "product_page_pricing_title": "Choose Gift Amount",
            "card_number_pattern": "ABCD-EFG-***-**-******",
            "card_validity_message": "This gift card is valid for {{validity}} days from the date of purchase.",
            "pricing_button_form_style": "",
            "pricing_button_title_font_size": "20",
            "pricing_button_title_text_color": "#000000",
            "pricing_button_title_font_weight": "600",
            "pricing_button_title_margin": "",
            "pricing_button": "",
            "pricing_button_bg_color": "",
            "pricing_button_text_color": "#75766e",
            "pricing_button_border_color": "#75766e",
            "pricing_button_hover_bg_color": "#75766e",
            "pricing_button_hover_text_color": "#ffffff",
            "pricing_button_hover_border_color": "",
            "pricing_button_height": "40",
            "pricing_button_font_size": "15",
            "validity_text": "",
            "validity_text_color": "",
            "validity_text_font_size": "15",
            "validity_text_margin": "",
            "table_style_settings": "",
            "table_heading_font_size": "15",
            "table_heading_padding": "",
            "table_cell_padding": "",
            "table_cell_border_color": "#00e2b1",
            "style_settings_button": "",
            "button_bg_color": "",
            "button_text_color": "",
            "button_border_color": "",
            "button_hover_bg_color": "",
            "button_hover_text_color": "",
            "button_hover_border_color": "",
            "button_height": "40",
            "button_width": "100",
            "button_font_size": "15",
            "next_prev_button": "",
            "nxt_prv_button_bg_color": "",
            "nxt_prv_button_text_color": "",
            "nxt_prv_button_border_color": "",
            "nxt_prv_button_hover_bg_color": "",
            "nxt_prv_button_hover_text_color": "",
            "nxt_prv_button_hover_border_color": "",
            "nxt_prv_button_height": "40",
            "nxt_prv_button_width": "150",
            "nxt_prv_button_font_size": "15",
            "redeem_form_style": "",
            "form_button_title_font_size": "20",
            "form_button_title_margin": "",
            "form_field_height": "45",
            "form_button_width": "150",
            "form_button_width_font_size": "15",
            "form_button_bg_color": "",
            "form_button_text_color": "",
            "form_button_border_color": "",
            "form_button_hover_bg_color": "",
            "form_button_hover_text_color": "",
            "form_button_hover_border_color": "",
            "active": "on"
        }
    }
}