{
    "tooltip": "1",
    "style": "rounded",
    "default_to_button": "1",
    "attribute_on_click_behavior": "1",
    "single_swatches_display_limit": "0",
    "attribute_image_size": "thumbnail",
    "width": "30",
    "height": "30",
    "single_font_size": "16",
    "tooltip_image_size": "thumbnail",
    "tooltip_image_width": "150",
    "threshold": "30",
    "disable_out_of_stock": "1",
    "enable_variation_url": "1",
    "attribute_behavior": "blur",
    "tooltip_background": "",
    "tooltip_text_color": "",
    "border_color": "rgba(0, 0, 0, 0.3)",
    "border_size": "1",
    "text_color": "#000000",
    "background_color": "#FFFFFF",
    "hover_border_color": "#000000",
    "hover_border_size": "1",
    "hover_text_color": "#000000",
    "hover_background_color": "#FFFFFF",
    "selected_border_color": "#000000",
    "selected_border_size": "2",
    "selected_text_color": "#000000",
    "selected_background_color": "#FFFFFF",
    "attribute_behaviour_cross_color": "#ff0000",
    "attribute_behaviour_blur_opacity": "0.3",
    "archive_swatches": "1",
    "archive_product_wrapper_selector": ".rtwpvs-product,.product-item",
    "archive_swatches_image_selector": ".wp-post-image, .attachment-woocommerce_thumbnail",
    "archive_swatches_position": "after_title_and_price",
    "archive_swatches_align": "left",
    "archive_swatches_tooltip": "1",
    "show_clear_on_archive": "1",
    "archive_swatches_width": "30",
    "archive_swatches_height": "30",
    "archive_swatches_font_size": "16",
    "archive_swatches_enable_single_attribute": "1",
    "archive_swatches_single_attribute": "pa_color",
    "archive_swatches_display_event": "click",
    "archive_swatches_display_limit": "0",
    "license_key": "",
    "_last_active_tab": "general",
    "license_status": ""
}