{
    "thumbnails_columns": "4",
    "thumbnails_columns_sm": "4",
    "thumbnails_columns_xs": "3",
    "thumbnails_gap": "8",
    "gallery_width": "48",
    "gallery_md_width": "0",
    "gallery_sm_width": "100",
    "gallery_xsm_width": "100",
    "gallery_margin": "30",
    "reset_on_variation_change": "1",
    "zoom": "1",
    "lightbox": "1",
    "lightbox_image_click": "1",
    "thumbnail_position": "bottom",
    "gallery_thumbnail_size": "",
    "slider_arrow": "1",
    "slider_adaptive_height": "1",
    "thumbnail_slide": "1",
    "preloader": "1",
    "preloader_image": "0",
    "preload_style": "blur",
    "zoom_position": "top-right",
    "arrow_bg_color": "rgba(0, 0, 0, 0.5)",
    "arrow_bg_hover_color": "rgba(0, 0, 0, 0.9)",
    "arrow_text_color": "#ffffff",
    "arrow_text_hover_color": "#ffffff",
    "upgrade_slider_scripts": "1",
    "license_key": "",
    "_last_active_tab": "advanced",
    "license_status": ""
}